{
  "disease": [
    {
      "Author": "Disease : Apple Scab",
      "Title": "Apple",
      "ISBN": "Type of Disease : Fungal",
      "Synopsis": "A common fungal disease that causes brown spots on the leaves and fruit of apple trees.",
      "Cover": "apple_scab"
    },
    {
      "Author": "Disease : Corn Smut",
      "Title": "Corn",
      "ISBN": "Type of Disease : Fungal",
      "Synopsis": "A common fungal disease that causes the ears of corn to become covered in a black, powdery growth.",
      "Cover": "corn_smut"
    },
    {
      "Author": "Disease : Late Blight",
      "Title": "Potato",
      "ISBN": "Type of Disease : Fungal",
      "Synopsis": "A devastating fungal disease that can cause the leaves, stems, and tubers of potatoes to rot.",
      "Cover": "late_blight"
    },
    {
      "Author": "Disease : Bacteria Wilt",
      "Title": "Tomato",
      "ISBN": "Type of Disease : Bacteria",
      "Synopsis": "A serious bacterial disease that can quickly kill tomato plants.",
      "Cover": "bacteria_wilt"
    },
    {
      "Author": "Disease : Black Spot",
      "Title": "Rose",
      "ISBN": "Type of Disease : Fungal",
      "Synopsis": "A common fungal disease that causes black spots on the leaves of roses.",
      "Cover": "black_spot"
    },
    {
      "Author": "Disease : Brown Rot",
      "Title": "Peach",
      "ISBN": "Type of Disease : Fungal",
      "Synopsis": "A common fungal disease that causes brown spots on the fruit of peaches and other stone fruits.",
      "Cover": "brown_rot"
    },
    {
      "Author": "Disease : Anthracnose",
      "Title": "Pepper",
      "ISBN": "Type of Disease : Fungal",
      "Synopsis": "A common fungal disease that causes sunken, black spots on the leaves and fruit of peppers.",
      "Cover": "anthracnose"
    },
    {
      "Author": "Disease : Downy mildew",
      "Title": "Grape",
      "ISBN": "Type of Disease : Fungal",
      "Synopsis": "A common fungal disease that causes the leaves of grapes to turn yellow and wilt.",
      "Cover": "downy_mildew"
    },
    {
      "Author": "Disease : Black Spot",
      "Title": "Carrot",
      "ISBN": "Type of Disease : Fungal",
      "Synopsis": "A common fungal disease that causes black spots on the leaves and roots of carrots.",
      "Cover": "black_spot_carrot"
    },
    {
      "Author": "Disease : Powdery mildew",
      "Title": "Cucumber",
      "ISBN": "Type of Disease : Fungal",
      "Synopsis": "A common fungal disease that causes a white, powdery growth on the leaves and stems of cucumbers.",
      "Cover": "powdery_mildew"
    },
    {
      "Author": "Disease : Citrus greening",
      "Title": "Fruit",
      "ISBN": "Type of Disease : Bacteria",
      "Synopsis": "A devastating bacterial disease that can kill citrus trees.",
      "Cover": "citrus_greening"
    }
  ]
}
