{
  "project_info": {
    "project_number": "820789197557",
    "project_id": "growgreen-98025",
    "storage_bucket": "growgreen-98025.appspot.com"
  },
  "client": [
    {
      "client_info": {
        "mobilesdk_app_id": "1:820789197557:android:17547dce9cf80bd98e63bc",
        "android_client_info": {
          "package_name": "com.example.growgreen"
        }
      },
      "oauth_client": [],
      "api_key": [
        {
          "current_key": "AIzaSyDlQolv6ysw3muLAKAkDQcV6zhv_TUq__E"
        }
      ],
      "services": {
        "appinvite_service": {
          "other_platform_oauth_client": []
        }
      }
    }
  ],
  "configuration_version": "1"
}